{"cameraMode":{"drawMode":0,"name":"Shaded","section":"Shading Mode"},"sceneLighting":false,"audioPlay":false,"sceneViewState":{"m_AlwaysRefresh":false,"showFog":true,"showSkybox":false,"showFlares":true,"showImageEffects":true,"showParticleSystems":true,"showVisualEffectGraphs":true,"m_FxEnabled":true},"in2DMode":false,"pivot":{"x":1.509371042251587,"y":2.6592040061950685,"z":0.29700005054473879},"rotation":{"x":-0.0025754855014383795,"y":-0.997585117816925,"z":0.05091579258441925,"w":-0.0488094799220562},"size":1.7328240871429444,"orthographic":false}